<?xml version="1.0" encoding="UTF-8"?>
<project-private xmlns="http://www.netbeans.org/ns/project-private/1">
    <editor-bookmarks xmlns="http://www.netbeans.org/ns/editor-bookmarks/2" lastBookmarkId="0"/>
    <open-files xmlns="http://www.netbeans.org/ns/projectui-open-files/2">
        <group>
            <file>file:/C:/Users/Efrain/Documents/NetBeansProjects/2a/src/Input.java</file>
            <file>file:/C:/Users/Efrain/Documents/NetBeansProjects/2a/src/App.java</file>
            <file>file:/C:/Users/Efrain/Documents/NetBeansProjects/2a/src/MethodCounter.java</file>
            <file>file:/C:/Users/Efrain/Documents/NetBeansProjects/2a/src/Output.java</file>
            <file>file:/C:/Users/Efrain/Documents/NetBeansProjects/2a/src/LineCounter.java</file>
            <file>file:/C:/Users/Efrain/Documents/NetBeansProjects/2a/src/Logic.java</file>
        </group>
    </open-files>
</project-private>
